src_path,dest_relpath
images/0032-ila4NZS.jpg,exercises/images/1.jpg
videos/0032-ila4NZS.gif,exercises/gifs/1.gif
images/0043-qXTaZnJ.jpg,exercises/images/2.jpg
videos/0043-qXTaZnJ.gif,exercises/gifs/2.gif
images/0294-NbVPDMW.jpg,exercises/images/4.jpg
videos/0294-NbVPDMW.gif,exercises/gifs/4.gif
images/0241-gAwDzB3.jpg,exercises/images/5.jpg
videos/0241-gAwDzB3.gif,exercises/gifs/5.gif
images/0025-EIeI8Vf.jpg,exercises/images/7.jpg
videos/0025-EIeI8Vf.gif,exercises/gifs/7.gif
images/2810-HBYyX94.jpg,exercises/images/8.jpg
videos/2810-HBYyX94.gif,exercises/gifs/8.gif
images/1383-2ORFMoR.jpg,exercises/images/9.jpg
videos/1383-2ORFMoR.gif,exercises/gifs/9.gif
images/0033-GrO65fd.jpg,exercises/images/10.jpg
videos/0033-GrO65fd.gif,exercises/gifs/10.gif
images/3545-TVdivgY.jpg,exercises/images/11.jpg
videos/3545-TVdivgY.gif,exercises/gifs/11.gif
images/0861-fUBheHs.jpg,exercises/images/12.jpg
videos/0861-fUBheHs.gif,exercises/gifs/12.gif
images/0149-Gchi5Tr.jpg,exercises/images/13.jpg
videos/0149-Gchi5Tr.gif,exercises/gifs/13.gif
images/0603-67n3r98.jpg,exercises/images/14.jpg
videos/0603-67n3r98.gif,exercises/gifs/14.gif
images/0251-9WTm7dq.jpg,exercises/images/15.jpg
videos/0251-9WTm7dq.gif,exercises/gifs/15.gif
images/1452-Wgaz7pm.jpg,exercises/images/16.jpg
videos/1452-Wgaz7pm.gif,exercises/gifs/16.gif
images/0025-EIeI8Vf.jpg,exercises/images/17.jpg
videos/0025-EIeI8Vf.gif,exercises/gifs/17.gif
images/0599-Zg3XY7P.jpg,exercises/images/18.jpg
videos/0599-Zg3XY7P.gif,exercises/gifs/18.gif
images/1456-wdRZISl.jpg,exercises/images/100.jpg
videos/1456-wdRZISl.gif,exercises/gifs/100.gif
images/0651-0V2YQjW.jpg,exercises/images/101.jpg
videos/0651-0V2YQjW.gif,exercises/gifs/101.gif
images/1326-T2mxWqc.jpg,exercises/images/102.jpg
videos/1326-T2mxWqc.gif,exercises/gifs/102.gif
images/0085-wQ2c4XD.jpg,exercises/images/103.jpg
videos/0085-wQ2c4XD.gif,exercises/gifs/103.gif
images/1463-2Qh2J1e.jpg,exercises/images/104.jpg
videos/1463-2Qh2J1e.gif,exercises/gifs/104.gif
images/0410-qx4fgX7.jpg,exercises/images/105.jpg
videos/0410-qx4fgX7.gif,exercises/gifs/105.gif
images/2330-LEprlgG.jpg,exercises/images/106.jpg
videos/2330-LEprlgG.gif,exercises/gifs/106.gif
images/0293-BJ0Hz5L.jpg,exercises/images/107.jpg
videos/0293-BJ0Hz5L.gif,exercises/gifs/107.gif
images/0334-DsgkuIt.jpg,exercises/images/109.jpg
videos/0334-DsgkuIt.gif,exercises/gifs/109.gif
images/0585-my33uHU.jpg,exercises/images/110.jpg
videos/0585-my33uHU.gif,exercises/gifs/110.gif
images/1748-6CKUx7o.jpg,exercises/images/112.jpg
videos/1748-6CKUx7o.gif,exercises/gifs/112.gif
images/0313-slDvUAU.jpg,exercises/images/113.jpg
videos/0313-slDvUAU.gif,exercises/gifs/113.gif
images/0042-zG0zs85.jpg,exercises/images/114.jpg
videos/0042-zG0zs85.gif,exercises/gifs/114.gif
images/1460-IZVHb27.jpg,exercises/images/115.jpg
videos/1460-IZVHb27.gif,exercises/gifs/115.gif
images/0319-ESOd5Pl.jpg,exercises/images/116.jpg
videos/0319-ESOd5Pl.gif,exercises/gifs/116.gif
images/0596-v3xmPAR.jpg,exercises/images/117.jpg
videos/0596-v3xmPAR.gif,exercises/gifs/117.gif
images/0405-znQUdHY.jpg,exercises/images/118.jpg
videos/0405-znQUdHY.gif,exercises/gifs/118.gif
images/0383-EAs3xL9.jpg,exercises/images/119.jpg
videos/0383-EAs3xL9.gif,exercises/gifs/119.gif
images/0472-I3tsCnC.jpg,exercises/images/120.jpg
videos/0472-I3tsCnC.gif,exercises/gifs/120.gif
images/0117-KgI0tqW.jpg,exercises/images/123.jpg
videos/0117-KgI0tqW.gif,exercises/gifs/123.gif
images/0095-dG7tG5y.jpg,exercises/images/124.jpg
videos/0095-dG7tG5y.gif,exercises/gifs/124.gif
images/2133-qPEzJjA.jpg,exercises/images/125.jpg
videos/2133-qPEzJjA.gif,exercises/gifs/125.gif
images/1409-qKBpF7I.jpg,exercises/images/126.jpg
videos/1409-qKBpF7I.gif,exercises/gifs/126.gif
images/0534-ZA8b5hc.jpg,exercises/images/127.jpg
videos/0534-ZA8b5hc.gif,exercises/gifs/127.gif
images/3017-r0z6xzQ.jpg,exercises/images/128.jpg
videos/3017-r0z6xzQ.gif,exercises/gifs/128.gif
images/1270-j7XMAyn.jpg,exercises/images/129.jpg
videos/1270-j7XMAyn.gif,exercises/gifs/129.gif
images/1627-hacCyUv.jpg,exercises/images/130.jpg
videos/1627-hacCyUv.gif,exercises/gifs/130.gif
images/0662-I4hDWkc.jpg,exercises/images/131.jpg
videos/0662-I4hDWkc.gif,exercises/gifs/131.gif
images/1299-jHAnWmT.jpg,exercises/images/133.jpg
videos/1299-jHAnWmT.gif,exercises/gifs/133.gif
images/0598-oHsrypV.jpg,exercises/images/134.jpg
videos/0598-oHsrypV.gif,exercises/gifs/134.gif
images/0597-CHpahtl.jpg,exercises/images/135.jpg
videos/0597-CHpahtl.gif,exercises/gifs/135.gif
images/1459-rR0LJzx.jpg,exercises/images/136.jpg
videos/1459-rR0LJzx.gif,exercises/gifs/136.gif
images/3544-5VXmnV5.jpg,exercises/images/137.jpg
videos/3544-5VXmnV5.gif,exercises/gifs/137.gif
images/0577-T0yTjgW.jpg,exercises/images/139.jpg
videos/0577-T0yTjgW.gif,exercises/gifs/139.gif
images/0577-T0yTjgW.jpg,exercises/images/140.jpg
videos/0577-T0yTjgW.gif,exercises/gifs/140.gif
images/1350-7I6LNUG.jpg,exercises/images/141.jpg
videos/1350-7I6LNUG.gif,exercises/gifs/141.gif
images/0586-17lJ1kr.jpg,exercises/images/142.jpg
videos/0586-17lJ1kr.gif,exercises/gifs/142.gif
images/0178-goJ6ezq.jpg,exercises/images/143.jpg
videos/0178-goJ6ezq.gif,exercises/gifs/143.gif
images/0047-3TZduzM.jpg,exercises/images/144.jpg
videos/0047-3TZduzM.gif,exercises/gifs/144.gif
images/0743-Qa55kX1.jpg,exercises/images/146.jpg
videos/0743-Qa55kX1.gif,exercises/gifs/146.gif
images/0860-HEJ6DIX.jpg,exercises/images/148.jpg
videos/0860-HEJ6DIX.gif,exercises/gifs/148.gif
images/1350-7I6LNUG.jpg,exercises/images/149.jpg
videos/1350-7I6LNUG.gif,exercises/gifs/149.gif
images/0310-3eGE2JC.jpg,exercises/images/150.jpg
videos/0310-3eGE2JC.gif,exercises/gifs/150.gif
images/0162-u2X71Np.jpg,exercises/images/151.jpg
videos/0162-u2X71Np.gif,exercises/gifs/151.gif
images/0120-UDlhcO8.jpg,exercises/images/152.jpg
videos/0120-UDlhcO8.gif,exercises/gifs/152.gif
images/0573-rUXfn3R.jpg,exercises/images/153.jpg
videos/0573-rUXfn3R.gif,exercises/gifs/153.gif
images/0489-zhMwOwE.jpg,exercises/images/154.jpg
videos/0489-zhMwOwE.gif,exercises/gifs/154.gif
images/0044-XlZ4lAC.jpg,exercises/images/155.jpg
videos/0044-XlZ4lAC.gif,exercises/gifs/155.gif
images/0857-NAgVB3t.jpg,exercises/images/156.jpg
videos/0857-NAgVB3t.gif,exercises/gifs/156.gif
images/0549-UHJlbu3.jpg,exercises/images/157.jpg
videos/0549-UHJlbu3.gif,exercises/gifs/157.gif
images/0030-J6Dx1Mu.jpg,exercises/images/158.jpg
videos/0030-J6Dx1Mu.gif,exercises/gifs/158.gif
images/0594-bOOdeyc.jpg,exercises/images/159.jpg
videos/0594-bOOdeyc.gif,exercises/gifs/159.gif
images/0431-aXtJhlg.jpg,exercises/images/161.jpg
videos/0431-aXtJhlg.gif,exercises/gifs/161.gif
images/2137-Xy4jlWA.jpg,exercises/images/162.jpg
videos/2137-Xy4jlWA.gif,exercises/gifs/162.gif
images/0811-jQGwmxN.jpg,exercises/images/163.jpg
videos/0811-jQGwmxN.gif,exercises/gifs/163.gif
images/1757-gKozT8X.jpg,exercises/images/164.jpg
videos/1757-gKozT8X.gif,exercises/gifs/164.gif
images/0212-8xUv4J7.jpg,exercises/images/165.jpg
videos/0212-8xUv4J7.gif,exercises/gifs/165.gif
images/0687-XVDdcoj.jpg,exercises/images/166.jpg
videos/0687-XVDdcoj.gif,exercises/gifs/166.gif
images/3013-u0cNiij.jpg,exercises/images/167.jpg
videos/3013-u0cNiij.gif,exercises/gifs/167.gif
images/3016-g2oKspu.jpg,exercises/images/200.jpg
videos/3016-g2oKspu.gif,exercises/gifs/200.gif
images/0652-lBDjFxJ.jpg,exercises/images/201.jpg
videos/0652-lBDjFxJ.gif,exercises/gifs/201.gif
images/1014-H6ETwO9.jpg,exercises/images/202.jpg
videos/1014-H6ETwO9.gif,exercises/gifs/202.gif
images/3418-d1GgzTU.jpg,exercises/images/203.jpg
videos/3418-d1GgzTU.gif,exercises/gifs/203.gif
images/0677-ezTvXcr.jpg,exercises/images/204.jpg
videos/0677-ezTvXcr.gif,exercises/gifs/204.gif
images/0001-2gPfomN.jpg,exercises/images/205.jpg
videos/0001-2gPfomN.gif,exercises/gifs/205.gif
images/1018-trmte8s.jpg,exercises/images/206.jpg
videos/1018-trmte8s.gif,exercises/gifs/206.gif
images/1004-TUZLh71.jpg,exercises/images/207.jpg
videos/1004-TUZLh71.gif,exercises/gifs/207.gif
images/0868-G08RZcQ.jpg,exercises/images/208.jpg
videos/0868-G08RZcQ.gif,exercises/gifs/208.gif
images/3287-LkoAWAE.jpg,exercises/images/209.jpg
videos/3287-LkoAWAE.gif,exercises/gifs/209.gif
images/2139-pAIWRGu.jpg,exercises/images/210.jpg
videos/2139-pAIWRGu.gif,exercises/gifs/210.gif
images/0514-LIlE5Tn.jpg,exercises/images/211.jpg
videos/0514-LIlE5Tn.gif,exercises/gifs/211.gif
images/0786-IMRsOCn.jpg,exercises/images/212.jpg
videos/0786-IMRsOCn.gif,exercises/gifs/212.gif
images/0220-Eg98Ft9.jpg,exercises/images/213.jpg
videos/0220-Eg98Ft9.gif,exercises/gifs/213.gif
images/0243-aVs3BR3.jpg,exercises/images/214.jpg
videos/0243-aVs3BR3.gif,exercises/gifs/214.gif
images/0604-ZZKbeMw.jpg,exercises/images/215.jpg
videos/0604-ZZKbeMw.gif,exercises/gifs/215.gif
images/1489-xdYPUtE.jpg,exercises/images/216.jpg
videos/1489-xdYPUtE.gif,exercises/gifs/216.gif
images/0767-OUQ0ZyW.jpg,exercises/images/217.jpg
videos/0767-OUQ0ZyW.gif,exercises/gifs/217.gif
images/0770-jFtipLl.jpg,exercises/images/218.jpg
videos/0770-jFtipLl.gif,exercises/gifs/218.gif
images/2329-2jl9K55.jpg,exercises/images/219.jpg
videos/2329-2jl9K55.gif,exercises/gifs/219.gif
images/1008-d5bTEPV.jpg,exercises/images/220.jpg
videos/1008-d5bTEPV.gif,exercises/gifs/220.gif
images/0031-25GPyDY.jpg,exercises/images/221.jpg
videos/0031-25GPyDY.gif,exercises/gifs/221.gif
images/0308-yz9nUhF.jpg,exercises/images/222.jpg
videos/0308-yz9nUhF.gif,exercises/gifs/222.gif
images/0455-awG04cF.jpg,exercises/images/223.jpg
videos/0455-awG04cF.gif,exercises/gifs/223.gif
images/0499-bZGHsAZ.jpg,exercises/images/224.jpg
videos/0499-bZGHsAZ.gif,exercises/gifs/224.gif
images/2368-9E25EOx.jpg,exercises/images/225.jpg
videos/2368-9E25EOx.gif,exercises/gifs/225.gif
images/0054-t8iSghb.jpg,exercises/images/226.jpg
videos/0054-t8iSghb.gif,exercises/gifs/226.gif
images/0179-FVmZVhk.jpg,exercises/images/227.jpg
videos/0179-FVmZVhk.gif,exercises/gifs/227.gif
images/2142-vpQaQkH.jpg,exercises/images/228.jpg
videos/2142-vpQaQkH.gif,exercises/gifs/228.gif
images/0808-4OaumBr.jpg,exercises/images/229.jpg
videos/0808-4OaumBr.gif,exercises/gifs/229.gif
images/1003-w1NOByi.jpg,exercises/images/230.jpg
videos/1003-w1NOByi.gif,exercises/gifs/230.gif
images/0157-eGDudUV.jpg,exercises/images/231.jpg
videos/0157-eGDudUV.gif,exercises/gifs/231.gif
images/0198-RVwzP10.jpg,exercises/images/232.jpg
videos/0198-RVwzP10.gif,exercises/gifs/232.gif
images/0336-RRWFUcw.jpg,exercises/images/233.jpg
videos/0336-RRWFUcw.gif,exercises/gifs/233.gif
images/0406-NJzBsGJ.jpg,exercises/images/234.jpg
videos/0406-NJzBsGJ.gif,exercises/gifs/234.gif
images/0413-HsvHqgf.jpg,exercises/images/235.jpg
videos/0413-HsvHqgf.gif,exercises/gifs/235.gif
images/0578-GUT8I22.jpg,exercises/images/236.jpg
videos/0578-GUT8I22.gif,exercises/gifs/236.gif
images/0581-nZZZy9m.jpg,exercises/images/237.jpg
videos/0581-nZZZy9m.gif,exercises/gifs/237.gif
images/0752-UfePqpx.jpg,exercises/images/238.jpg
videos/0752-UfePqpx.gif,exercises/gifs/238.gif
images/1466-AX1kB0o.jpg,exercises/images/239.jpg
videos/1466-AX1kB0o.gif,exercises/gifs/239.gif
images/0852-JZuApnB.jpg,exercises/images/240.jpg
videos/0852-JZuApnB.gif,exercises/gifs/240.gif
images/0859-bd5b860.jpg,exercises/images/241.jpg
videos/0859-bd5b860.gif,exercises/gifs/241.gif
images/1016-vUTfFHw.jpg,exercises/images/242.jpg
videos/1016-vUTfFHw.gif,exercises/gifs/242.gif
images/0114-Kxquu2E.jpg,exercises/images/243.jpg
videos/0114-Kxquu2E.gif,exercises/gifs/243.gif
images/1632-dXz8zjF.jpg,exercises/images/244.jpg
videos/1632-dXz8zjF.gif,exercises/gifs/244.gif
images/0185-lJJ7Yq8.jpg,exercises/images/245.jpg
videos/0185-lJJ7Yq8.gif,exercises/gifs/245.gif
images/1324-PQStVXH.jpg,exercises/images/246.jpg
videos/1324-PQStVXH.gif,exercises/gifs/246.gif
images/0447-6TG6x2w.jpg,exercises/images/247.jpg
videos/0447-6TG6x2w.gif,exercises/gifs/247.gif
images/0606-aaXr7ld.jpg,exercises/images/248.jpg
videos/0606-aaXr7ld.gif,exercises/gifs/248.gif
images/1352-ANbbry2.jpg,exercises/images/249.jpg
videos/1352-ANbbry2.gif,exercises/gifs/249.gif
images/3582-PM1PZjg.jpg,exercises/images/250.jpg
videos/3582-PM1PZjg.gif,exercises/gifs/250.gif
images/0760-7zdxRTl.jpg,exercises/images/251.jpg
videos/0760-7zdxRTl.gif,exercises/gifs/251.gif
images/0832-s8nrDXF.jpg,exercises/images/252.jpg
videos/0832-s8nrDXF.gif,exercises/gifs/252.gif
images/0017-kiJ4Z2K.jpg,exercises/images/253.jpg
videos/0017-kiJ4Z2K.gif,exercises/gifs/253.gif
images/0978-TFA88iB.jpg,exercises/images/254.jpg
videos/0978-TFA88iB.gif,exercises/gifs/254.gif
images/0992-zFzbBfL.jpg,exercises/images/255.jpg
videos/0992-zFzbBfL.gif,exercises/gifs/255.gif
images/0993-sTfvVsG.jpg,exercises/images/256.jpg
videos/0993-sTfvVsG.gif,exercises/gifs/256.gif
images/0247-LrV4s90.jpg,exercises/images/257.jpg
videos/0247-LrV4s90.gif,exercises/gifs/257.gif
images/0575-q6y3OhV.jpg,exercises/images/258.jpg
videos/0575-q6y3OhV.gif,exercises/gifs/258.gif
images/2289-7B4F5nZ.jpg,exercises/images/259.jpg
videos/2289-7B4F5nZ.gif,exercises/gifs/259.gif
images/1451-BRImeP8.jpg,exercises/images/260.jpg
videos/1451-BRImeP8.gif,exercises/gifs/260.gif
images/0744-9n2149Z.jpg,exercises/images/261.jpg
videos/0744-9n2149Z.gif,exercises/gifs/261.gif
images/0746-MzNnwx9.jpg,exercises/images/262.jpg
videos/0746-MzNnwx9.gif,exercises/gifs/262.gif
images/3281-NNoHCEA.jpg,exercises/images/263.jpg
videos/3281-NNoHCEA.gif,exercises/gifs/263.gif
images/0761-JGKowMS.jpg,exercises/images/264.jpg
videos/0761-JGKowMS.gif,exercises/gifs/264.gif
images/0841-HMzLjXx.jpg,exercises/images/265.jpg
videos/0841-HMzLjXx.gif,exercises/gifs/265.gif
images/1011-S1JXDAG.jpg,exercises/images/266.jpg
videos/1011-S1JXDAG.gif,exercises/gifs/266.gif
images/0038-IENzBdA.jpg,exercises/images/267.jpg
videos/0038-IENzBdA.gif,exercises/gifs/267.gif
images/0084-7M66AVi.jpg,exercises/images/268.jpg
videos/0084-7M66AVi.gif,exercises/gifs/268.gif
images/0223-q2ADGqV.jpg,exercises/images/269.jpg
videos/0223-q2ADGqV.gif,exercises/gifs/269.gif
images/0246-cALKspW.jpg,exercises/images/270.jpg
videos/0246-cALKspW.gif,exercises/gifs/270.gif
images/0284-u5ESqzH.jpg,exercises/images/271.jpg
videos/0284-u5ESqzH.gif,exercises/gifs/271.gif
images/0300-nUwVh7b.jpg,exercises/images/272.jpg
videos/0300-nUwVh7b.gif,exercises/gifs/272.gif
images/0333-W6PxUkg.jpg,exercises/images/273.jpg
videos/0333-W6PxUkg.gif,exercises/gifs/273.gif
images/0378-8DiFDVA.jpg,exercises/images/274.jpg
videos/0378-8DiFDVA.gif,exercises/gifs/274.gif
images/1744-kprile3.jpg,exercises/images/275.jpg
videos/1744-kprile3.gif,exercises/gifs/275.gif
images/3665-hCjGsRQ.jpg,exercises/images/276.jpg
videos/3665-hCjGsRQ.gif,exercises/gifs/276.gif
images/1360-Q4DSJPC.jpg,exercises/images/277.jpg
videos/1360-Q4DSJPC.gif,exercises/gifs/277.gif
images/0775-1DN3iz4.jpg,exercises/images/278.jpg
videos/0775-1DN3iz4.gif,exercises/gifs/278.gif
images/0046-5VCj6iH.jpg,exercises/images/279.jpg
videos/0046-5VCj6iH.gif,exercises/gifs/279.gif
images/0126-82LxxkW.jpg,exercises/images/280.jpg
videos/0126-82LxxkW.gif,exercises/gifs/280.gif
images/2399-UEjSrKI.jpg,exercises/images/281.jpg
videos/2399-UEjSrKI.gif,exercises/gifs/281.gif
images/1664-qAmNMJY.jpg,exercises/images/282.jpg
videos/1664-qAmNMJY.gif,exercises/gifs/282.gif
images/3561-GibBPPg.jpg,exercises/images/283.jpg
videos/3561-GibBPPg.gif,exercises/gifs/283.gif
images/0710-7WaDzyL.jpg,exercises/images/284.jpg
videos/0710-7WaDzyL.gif,exercises/gifs/284.gif
images/0769-HsjbB1z.jpg,exercises/images/285.jpg
videos/0769-HsjbB1z.gif,exercises/gifs/285.gif
images/0830-MU9HnE7.jpg,exercises/images/286.jpg
videos/0830-MU9HnE7.gif,exercises/gifs/286.gif
images/0997-peAeMR3.jpg,exercises/images/287.jpg
videos/0997-peAeMR3.gif,exercises/gifs/287.gif
images/0041-b2Uoz54.jpg,exercises/images/288.jpg
videos/0041-b2Uoz54.gif,exercises/gifs/288.gif
images/0049-dmgMp3n.jpg,exercises/images/289.jpg
videos/0049-dmgMp3n.gif,exercises/gifs/289.gif
images/1494-bWlZvXh.jpg,exercises/images/290.jpg
videos/1494-bWlZvXh.gif,exercises/gifs/290.gif
images/1261-2Pya1cP.jpg,exercises/images/291.jpg
videos/1261-2Pya1cP.gif,exercises/gifs/291.gif
images/0168-hBGWILP.jpg,exercises/images/292.jpg
videos/0168-hBGWILP.gif,exercises/gifs/292.gif
images/0205-SpsOSXk.jpg,exercises/images/293.jpg
videos/0205-SpsOSXk.gif,exercises/gifs/293.gif
images/0381-SSsBDwB.jpg,exercises/images/294.jpg
videos/0381-SSsBDwB.gif,exercises/gifs/294.gif
images/0574-X3cqyXz.jpg,exercises/images/295.jpg
videos/0574-X3cqyXz.gif,exercises/gifs/295.gif
images/0584-dRTfGZT.jpg,exercises/images/296.jpg
videos/0584-dRTfGZT.gif,exercises/gifs/296.gif
images/0592-b6hQYMb.jpg,exercises/images/297.jpg
videos/0592-b6hQYMb.gif,exercises/gifs/297.gif
images/0739-10Z2DXU.jpg,exercises/images/298.jpg
videos/0739-10Z2DXU.gif,exercises/gifs/298.gif
images/0071-wnEscH8.jpg,exercises/images/299.jpg
videos/0071-wnEscH8.gif,exercises/gifs/299.gif
images/0094-dFSNDOA.jpg,exercises/images/300.jpg
videos/0094-dFSNDOA.gif,exercises/gifs/300.gif
images/0873-RqOtqD7.jpg,exercises/images/301.jpg
videos/0873-RqOtqD7.gif,exercises/gifs/301.gif
images/0219-PzQanLE.jpg,exercises/images/302.jpg
videos/0219-PzQanLE.gif,exercises/gifs/302.gif
images/0391-TiaZTxx.jpg,exercises/images/303.jpg
videos/0391-TiaZTxx.gif,exercises/gifs/303.gif
images/0437-ainizkb.jpg,exercises/images/304.jpg
videos/0437-ainizkb.gif,exercises/gifs/304.gif
images/0579-7F1DVzn.jpg,exercises/images/305.jpg
videos/0579-7F1DVzn.gif,exercises/gifs/305.gif
images/0580-f91FwXG.jpg,exercises/images/306.jpg
videos/0580-f91FwXG.gif,exercises/gifs/306.gif
images/0583-sZOR9EV.jpg,exercises/images/307.jpg
videos/0583-sZOR9EV.gif,exercises/gifs/307.gif
images/0587-CggQhII.jpg,exercises/images/308.jpg
videos/0587-CggQhII.gif,exercises/gifs/308.gif
images/0738-qCNVnaU.jpg,exercises/images/309.jpg
videos/0738-qCNVnaU.gif,exercises/gifs/309.gif
images/0766-903mzG8.jpg,exercises/images/310.jpg
videos/0766-903mzG8.gif,exercises/gifs/310.gif
images/2135-VBAWRPG.jpg,exercises/images/311.jpg
videos/2135-VBAWRPG.gif,exercises/gifs/311.gif
images/0834-e4aFmFY.jpg,exercises/images/312.jpg
videos/0834-e4aFmFY.gif,exercises/gifs/312.gif
images/0970-r1XNRYB.jpg,exercises/images/313.jpg
videos/0970-r1XNRYB.gif,exercises/gifs/313.gif
images/1437-mtXengz.jpg,exercises/images/314.jpg
videos/1437-mtXengz.gif,exercises/gifs/314.gif
images/0664-KhHJ338.jpg,exercises/images/315.jpg
videos/0664-KhHJ338.gif,exercises/gifs/315.gif
images/2206-SKXQAx3.jpg,exercises/images/316.jpg
videos/2206-SKXQAx3.gif,exercises/gifs/316.gif
images/0112-yQe5HpE.jpg,exercises/images/317.jpg
videos/0112-yQe5HpE.gif,exercises/gifs/317.gif
images/0305-cwsAI4G.jpg,exercises/images/318.jpg
videos/0305-cwsAI4G.gif,exercises/gifs/318.gif
images/3237-eXMFHww.jpg,exercises/images/319.jpg
videos/3237-eXMFHww.gif,exercises/gifs/319.gif
images/0572-MaMuGH6.jpg,exercises/images/320.jpg
videos/0572-MaMuGH6.gif,exercises/gifs/320.gif
images/0846-fZFZ704.jpg,exercises/images/321.jpg
videos/0846-fZFZ704.gif,exercises/gifs/321.gif
images/3642-13VW2VO.jpg,exercises/images/322.jpg
videos/3642-13VW2VO.gif,exercises/gifs/322.gif
images/0994-Ezpnw9d.jpg,exercises/images/323.jpg
videos/0994-Ezpnw9d.gif,exercises/gifs/323.gif
images/1009-kuMiR2T.jpg,exercises/images/324.jpg
videos/1009-kuMiR2T.gif,exercises/gifs/324.gif
images/1013-k6tUeqS.jpg,exercises/images/325.jpg
videos/1013-k6tUeqS.gif,exercises/gifs/325.gif
images/0582-nnmCTLN.jpg,exercises/images/326.jpg
videos/0582-nnmCTLN.gif,exercises/gifs/326.gif
images/0607-Ser9eQp.jpg,exercises/images/327.jpg
videos/0607-Ser9eQp.gif,exercises/gifs/327.gif
images/1426-B6dAO1t.jpg,exercises/images/328.jpg
videos/1426-B6dAO1t.gif,exercises/gifs/328.gif
images/0974-DptumMx.jpg,exercises/images/329.jpg
videos/0974-DptumMx.gif,exercises/gifs/329.gif
images/1370-2IHEa2T.jpg,exercises/images/330.jpg
videos/1370-2IHEa2T.gif,exercises/gifs/330.gif
images/0210-eYmsEPR.jpg,exercises/images/331.jpg
videos/0210-eYmsEPR.gif,exercises/gifs/331.gif
images/0394-en550rk.jpg,exercises/images/332.jpg
videos/0394-en550rk.gif,exercises/gifs/332.gif
images/0458-neonEDL.jpg,exercises/images/333.jpg
videos/0458-neonEDL.gif,exercises/gifs/333.gif
images/0602-myfUsKf.jpg,exercises/images/334.jpg
videos/0602-myfUsKf.gif,exercises/gifs/334.gif
images/1387-0jp9Rlz.jpg,exercises/images/335.jpg
videos/1387-0jp9Rlz.gif,exercises/gifs/335.gif
images/1775-VO2qeJg.jpg,exercises/images/336.jpg
videos/1775-VO2qeJg.gif,exercises/gifs/336.gif
images/0795-C5jncD2.jpg,exercises/images/337.jpg
videos/0795-C5jncD2.gif,exercises/gifs/337.gif
images/0796-KtRomty.jpg,exercises/images/338.jpg
videos/0796-KtRomty.gif,exercises/gifs/338.gif
images/0088-ktsFQAZ.jpg,exercises/images/339.jpg
videos/0088-ktsFQAZ.gif,exercises/gifs/339.gif
images/0169-Vh0GsK4.jpg,exercises/images/340.jpg
videos/0169-Vh0GsK4.gif,exercises/gifs/340.gif
images/1375-yl2IYyy.jpg,exercises/images/341.jpg
videos/1375-yl2IYyy.gif,exercises/gifs/341.gif
images/0488-zkgRrbK.jpg,exercises/images/342.jpg
videos/0488-zkgRrbK.gif,exercises/gifs/342.gif
images/2287-V07qpXy.jpg,exercises/images/343.jpg
videos/2287-V07qpXy.gif,exercises/gifs/343.gif
images/1300-vsVoPHt.jpg,exercises/images/344.jpg
videos/1300-vsVoPHt.gif,exercises/gifs/344.gif
images/3759-XsCcxCC.jpg,exercises/images/345.jpg
videos/3759-XsCcxCC.gif,exercises/gifs/345.gif
images/1774-WL4EmxJ.jpg,exercises/images/346.jpg
videos/1774-WL4EmxJ.gif,exercises/gifs/346.gif
images/0753-ETZfAbZ.jpg,exercises/images/347.jpg
videos/0753-ETZfAbZ.gif,exercises/gifs/347.gif
images/0757-5v7KYld.jpg,exercises/images/348.jpg
videos/0757-5v7KYld.gif,exercises/gifs/348.gif
images/0763-ywaNfuh.jpg,exercises/images/349.jpg
videos/0763-ywaNfuh.gif,exercises/gifs/349.gif
images/1394-Lsqrgh4.jpg,exercises/images/350.jpg
videos/1394-Lsqrgh4.gif,exercises/gifs/350.gif
images/3644-5WiFcYk.jpg,exercises/images/351.jpg
videos/3644-5WiFcYk.gif,exercises/gifs/351.gif
images/3290-fXfqg1E.jpg,exercises/images/352.jpg
videos/3290-fXfqg1E.gif,exercises/gifs/352.gif
images/0999-9JprnPh.jpg,exercises/images/353.jpg
videos/0999-9JprnPh.gif,exercises/gifs/353.gif
images/1010-KUaoUV8.jpg,exercises/images/354.jpg
videos/1010-KUaoUV8.gif,exercises/gifs/354.gif
images/0591-D5yqP2p.jpg,exercises/images/355.jpg
videos/0591-D5yqP2p.gif,exercises/gifs/355.gif
images/0998-obe5LMq.jpg,exercises/images/356.jpg
videos/0998-obe5LMq.gif,exercises/gifs/356.gif
images/0090-d960PgE.jpg,exercises/images/357.jpg
videos/0090-d960PgE.gif,exercises/gifs/357.gif
images/1756-gEyURal.jpg,exercises/images/358.jpg
videos/1756-gEyURal.gif,exercises/gifs/358.gif
images/1260-KHGNa16.jpg,exercises/images/359.jpg
videos/1260-KHGNa16.gif,exercises/gifs/359.gif
images/1265-GKEH6jj.jpg,exercises/images/360.jpg
videos/1265-GKEH6jj.gif,exercises/gifs/360.gif
images/0192-wEulIzp.jpg,exercises/images/361.jpg
videos/0192-wEulIzp.gif,exercises/gifs/361.gif
images/0364-q8aHNoF.jpg,exercises/images/362.jpg
videos/0364-q8aHNoF.gif,exercises/gifs/362.gif
images/0392-Ys97II0.jpg,exercises/images/363.jpg
videos/0392-Ys97II0.gif,exercises/gifs/363.gif
images/0432-5eLRITT.jpg,exercises/images/364.jpg
videos/0432-5eLRITT.gif,exercises/gifs/364.gif
images/0765-xUwnBMT.jpg,exercises/images/365.jpg
videos/0765-xUwnBMT.gif,exercises/gifs/365.gif
images/1012-u4bAmKp.jpg,exercises/images/366.jpg
videos/1012-u4bAmKp.gif,exercises/gifs/366.gif
images/0083-Gxg9lDc.jpg,exercises/images/367.jpg
videos/0083-Gxg9lDc.gif,exercises/gifs/367.gif
images/0301-DwhEmmE.jpg,exercises/images/368.jpg
videos/0301-DwhEmmE.gif,exercises/gifs/368.gif
images/0314-ns0SIbU.jpg,exercises/images/369.jpg
videos/0314-ns0SIbU.gif,exercises/gifs/369.gif
images/0363-6cKQC5E.jpg,exercises/images/370.jpg
videos/0363-6cKQC5E.gif,exercises/gifs/370.gif
images/1749-1cTf2Ux.jpg,exercises/images/371.jpg
videos/1749-1cTf2Ux.gif,exercises/gifs/371.gif
images/3195-UXpKJoq.jpg,exercises/images/372.jpg
videos/3195-UXpKJoq.gif,exercises/gifs/372.gif
images/0590-2KGnL6M.jpg,exercises/images/373.jpg
videos/0590-2KGnL6M.gif,exercises/gifs/373.gif
images/0593-Krmb3cB.jpg,exercises/images/374.jpg
videos/0593-Krmb3cB.gif,exercises/gifs/374.gif
images/0749-1bQkKZK.jpg,exercises/images/375.jpg
videos/0749-1bQkKZK.gif,exercises/gifs/375.gif
images/0751-WcHl7ru.jpg,exercises/images/376.jpg
videos/0751-WcHl7ru.gif,exercises/gifs/376.gif
images/0014-r7cT9YD.jpg,exercises/images/377.jpg
videos/0014-r7cT9YD.gif,exercises/gifs/377.gif
images/0971-zhF9lW4.jpg,exercises/images/378.jpg
videos/0971-zhF9lW4.gif,exercises/gifs/378.gif
images/0066-2DxtqHL.jpg,exercises/images/379.jpg
videos/0066-2DxtqHL.gif,exercises/gifs/379.gif
images/0091-kTbSH9h.jpg,exercises/images/380.jpg
videos/0091-kTbSH9h.gif,exercises/gifs/380.gif
images/0116-hrVQWvE.jpg,exercises/images/381.jpg
videos/0116-hrVQWvE.gif,exercises/gifs/381.gif
images/0123-RgJDRR1.jpg,exercises/images/382.jpg
videos/0123-RgJDRR1.gif,exercises/gifs/382.gif
images/1728-vvNjDJS.jpg,exercises/images/383.jpg
videos/1728-vvNjDJS.gif,exercises/gifs/383.gif
images/0303-1qrWgZ2.jpg,exercises/images/384.jpg
videos/0303-1qrWgZ2.gif,exercises/gifs/384.gif
images/0321-PG1kcIb.jpg,exercises/images/385.jpg
videos/0321-PG1kcIb.gif,exercises/gifs/385.gif
images/0396-hxyTtWj.jpg,exercises/images/386.jpg
videos/0396-hxyTtWj.gif,exercises/gifs/386.gif
images/2432-da4cXST.jpg,exercises/images/387.jpg
videos/2432-da4cXST.gif,exercises/gifs/387.gif
images/0600-PQ2AtC3.jpg,exercises/images/388.jpg
videos/0600-PQ2AtC3.gif,exercises/gifs/388.gif
images/3007-Y1MsI1l.jpg,exercises/images/389.jpg
videos/3007-Y1MsI1l.gif,exercises/gifs/389.gif
images/0115-JrOHAZc.jpg,exercises/images/390.jpg
videos/0115-JrOHAZc.gif,exercises/gifs/390.gif
images/0148-KHPZL0b.jpg,exercises/images/391.jpg
videos/0148-KHPZL0b.gif,exercises/gifs/391.gif
images/0355-n5cWCsI.jpg,exercises/images/392.jpg
videos/0355-n5cWCsI.gif,exercises/gifs/392.gif
images/0434-oom75KC.jpg,exercises/images/393.jpg
videos/0434-oom75KC.gif,exercises/gifs/393.gif
images/0697-GwYwElT.jpg,exercises/images/394.jpg
videos/0697-GwYwElT.gif,exercises/gifs/394.gif
images/1314-qLpO4vV.jpg,exercises/images/395.jpg
videos/1314-qLpO4vV.gif,exercises/gifs/395.gif
images/0036-hl8DUh8.jpg,exercises/images/396.jpg
videos/0036-hl8DUh8.gif,exercises/gifs/396.gif
images/0061-iZop9xO.jpg,exercises/images/397.jpg
videos/0061-iZop9xO.gif,exercises/gifs/397.gif
images/3235-zHEpuuc.jpg,exercises/images/398.jpg
videos/3235-zHEpuuc.gif,exercises/gifs/398.gif
images/0173-Hx1WC8I.jpg,exercises/images/399.jpg
videos/0173-Hx1WC8I.gif,exercises/gifs/399.gif
images/0335-xMjBKwn.jpg,exercises/images/400.jpg
videos/0335-xMjBKwn.gif,exercises/gifs/400.gif
images/0361-84RyJf8.jpg,exercises/images/401.jpg
videos/0361-84RyJf8.gif,exercises/gifs/401.gif
images/0040-33AzZeV.jpg,exercises/images/402.jpg
videos/0040-33AzZeV.gif,exercises/gifs/402.gif
images/0754-MY9P1WA.jpg,exercises/images/403.jpg
videos/0754-MY9P1WA.gif,exercises/gifs/403.gif
images/0758-78VqWQK.jpg,exercises/images/404.jpg
videos/0758-78VqWQK.gif,exercises/gifs/404.gif
images/1721-yRLPCLu.jpg,exercises/images/405.jpg
videos/1721-yRLPCLu.gif,exercises/gifs/405.gif
images/0673-ecpY0rH.jpg,exercises/images/406.jpg
videos/0673-ecpY0rH.gif,exercises/gifs/406.gif
images/0048-641mIfk.jpg,exercises/images/407.jpg
videos/0048-641mIfk.gif,exercises/gifs/407.gif
images/3548-mWBtgmb.jpg,exercises/images/408.jpg
videos/3548-mWBtgmb.gif,exercises/gifs/408.gif
images/0453-iaapw0g.jpg,exercises/images/409.jpg
videos/0453-iaapw0g.gif,exercises/gifs/409.gif
images/3006-0xDpB4L.jpg,exercises/images/410.jpg
videos/3006-0xDpB4L.gif,exercises/gifs/410.gif
images/1023-lHeUULr.jpg,exercises/images/411.jpg
videos/1023-lHeUULr.gif,exercises/gifs/411.gif
images/1719-gx7s7uF.jpg,exercises/images/412.jpg
videos/1719-gx7s7uF.gif,exercises/gifs/412.gif
images/2187-YqJw82s.jpg,exercises/images/413.jpg
videos/2187-YqJw82s.gif,exercises/gifs/413.gif
images/1256-DotAgEF.jpg,exercises/images/414.jpg
videos/1256-DotAgEF.gif,exercises/gifs/414.gif
images/1257-DU7I633.jpg,exercises/images/415.jpg
videos/1257-DU7I633.gif,exercises/gifs/415.gif
images/0448-DgZQ11d.jpg,exercises/images/416.jpg
videos/0448-DgZQ11d.gif,exercises/gifs/416.gif
images/0601-xiHiJcA.jpg,exercises/images/417.jpg
videos/0601-xiHiJcA.gif,exercises/gifs/417.gif
images/1336-WVD66ff.jpg,exercises/images/418.jpg
videos/1336-WVD66ff.gif,exercises/gifs/418.gif
images/1625-yB9SvIF.jpg,exercises/images/419.jpg
videos/1625-yB9SvIF.gif,exercises/gifs/419.gif
images/2805-daBmy1Y.jpg,exercises/images/420.jpg
videos/2805-daBmy1Y.gif,exercises/gifs/420.gif
images/1417-GOJKFfO.jpg,exercises/images/421.jpg
videos/1417-GOJKFfO.gif,exercises/gifs/421.gif
